id,num_pkdx,nom_fr,type1,type2,bs_pv,bs_att,bs_def,bs_satt,bs_sdef,bs_vit,grp_oeuf1,grp_oeuf2,talent1,talent2,talentDW
0,1,Bulbizarre,11,12,45,49,49,65,65,45,13,15,27,0,13
1,2,Herbizarre,11,12,60,62,63,80,80,60,13,15,27,0,13
2,3,Florizarre,11,12,80,82,83,100,100,80,13,15,27,0,13
3,3,Méga-Florizarre,11,12,80,100,123,122,120,80,13,15,40,0,0
4,4,Salamèche,7,0,39,52,43,60,50,65,6,13,11,0,92
5,5,Reptincel,7,0,58,64,58,80,65,80,6,13,11,0,92
6,6,Dracaufeu,7,18,78,84,78,109,85,100,6,13,11,0,92
7,6,Méga-DracaufeuX,7,3,78,130,111,130,85,100,6,13,176,0,0
8,6,Méga-DracaufeuY,7,18,78,104,78,159,115,100,6,13,64,0,0
9,7,Carapuce,4,0,44,48,65,50,64,43,3,13,72,0,21
10,8,Carabaffe,4,0,59,63,80,65,80,58,3,13,72,0,21
11,9,Tortank,4,0,79,83,100,85,105,78,3,13,72,0,21
12,9,Méga-Tortank,4,0,79,103,120,135,115,78,3,13,178,0,0
13,10,Chenipan,9,0,45,30,35,20,20,45,10,0,26,0,32
14,11,Chrysacier,9,0,50,20,55,25,25,30,10,0,51,0,0
15,12,Papilusion,9,18,60,45,50,90,80,70,10,0,52,0,102
16,13,Aspicot,12,9,40,35,30,20,20,50,10,0,26,0,32
17,14,Coconfort,12,9,45,25,50,25,25,35,10,0,51,0,0
18,15,Dardargnan,12,9,65,90,40,45,80,75,10,0,29,0,118
19,15,Méga-Dardargnan,12,9,65,150,40,15,80,145,10,0,77,0,0
20,16,Roucool,10,18,40,45,40,35,35,56,1,0,62,110,128
21,17,Roucoups,10,18,63,60,55,50,50,71,1,0,62,110,128
22,18,Roucarnage,10,18,83,80,75,70,70,101,1,0,62,110,128
23,18,Méga-Roucarnage,10,18,83,80,80,135,80,121,1,0,79,0,0
24,19,Rattata,10,0,30,56,35,25,35,72,14,0,20,32,4
25,20,Rattatac,10,0,55,81,60,50,70,97,14,0,20,32,4
26,21,Piafabec,10,18,40,60,30,31,31,70,1,0,62,0,118
27,22,Rapasdepic,10,18,65,90,65,61,61,100,1,0,62,0,118
28,23,Abo,12,0,35,60,44,40,54,55,6,14,39,51,160
29,24,Arbok,12,0,60,85,69,65,79,80,6,14,39,51,160
30,25,Pikachu,5,0,35,55,40,50,50,90,7,14,66,0,53
31,26,Raichu,5,0,60,90,55,90,80,110,7,14,66,0,53
32,27,Sabelette,15,0,50,75,85,20,30,40,14,0,76,0,127
33,28,Sablaireau,15,0,75,100,110,45,55,65,14,0,76,0,127
34,29,NidoranF,12,0,55,47,52,40,40,41,13,14,57,116,4
35,30,Nidorina,12,0,70,62,67,55,55,56,9,0,57,116,4
36,31,Nidoqueen,12,15,90,92,87,75,85,76,9,0,57,116,158
37,32,NidoranM,12,0,46,57,40,40,40,50,13,14,57,116,4
38,33,Nidorino,12,0,61,72,57,55,55,65,13,14,57,116,4
39,34,Nidoking,12,15,81,102,77,85,75,85,13,14,57,116,158
40,35,Mélofée,6,0,70,45,48,60,65,35,7,0,41,95,138
41,36,Mélodelfe,6,0,95,70,73,95,90,60,7,0,41,95,100
42,37,Goupix,7,0,38,41,40,50,65,65,14,0,71,0,64
43,38,Feunard,7,0,73,76,75,81,100,100,14,0,71,0,64
44,39,Rondoudou,10,6,115,45,20,45,25,20,7,0,41,172,138
45,40,Grodoudou,10,6,140,70,45,85,50,45,7,0,41,172,93
46,41,Nosferapti,12,18,40,45,35,30,40,55,1,0,9,0,144
47,42,Nosferalto,12,18,75,80,70,65,75,90,1,0,9,0,144
48,43,Mystherbe,11,12,45,50,55,75,65,30,15,0,13,0,32
49,44,Ortide,11,12,60,65,70,85,75,40,15,0,13,0,60
50,45,Rafflesia,11,12,75,80,85,110,90,50,15,0,13,0,58
51,46,Paras,11,9,35,70,55,45,55,25,10,15,58,109,50
52,47,Parasect,11,9,60,95,80,60,80,30,10,15,58,109,50
53,48,Mimitoss,9,12,60,55,50,40,55,45,10,0,52,102,32
54,49,Aéromite,9,12,70,65,60,90,75,90,10,0,26,102,151
55,50,Taupiqueur,15,0,10,55,25,35,45,95,14,0,55,76,137
56,51,Triopikeur,15,0,35,80,50,50,70,120,14,0,55,76,137
57,52,Miaouss,10,0,40,45,35,40,40,90,14,0,61,121,160
58,53,Persian,10,0,65,70,60,65,65,115,14,0,24,121,160
59,54,Psykokwak,4,0,50,52,48,65,50,55,3,14,14,50,34
60,55,Akwakwak,4,0,80,82,78,95,80,85,3,14,14,50,34
61,56,Férosinge,2,0,40,80,35,35,45,70,14,0,28,85,124
62,57,Colossinge,2,0,65,105,60,60,70,95,14,0,28,85,124
63,58,Caninos,7,0,55,70,45,70,50,60,14,0,39,71,129
64,59,Arcanin,7,0,90,110,80,100,80,95,14,0,39,71,129
65,60,Ptitard,4,0,40,50,40,40,40,90,3,0,2,50,34
66,61,Tétarte,4,0,65,65,65,50,50,90,3,0,2,50,34
67,62,Tartard,4,2,90,95,95,70,90,70,3,0,2,50,34
68,63,Abra,13,0,25,20,15,105,55,90,8,0,9,68,95
69,64,Kadabra,13,0,40,35,30,120,70,105,8,0,9,68,95
70,65,Alakazam,13,0,55,50,45,135,95,120,8,0,9,68,95
71,65,Méga-Alakazam,13,0,55,50,65,175,95,150,8,0,12,0,0
72,66,Machoc,2,0,70,8050,35,35,35,305,8,0,20,79,99
73,67,Machopeur,2,0,80,100,70,50,60,45,8,0,20,79,99
74,68,Mackogneur,2,0,90,130,80,65,85,55,8,0,20,79,99
75,69,Chétiflor,11,12,50,75,35,70,30,40,15,0,13,0,95
76,70,Boustiflor,11,12,65,90,50,85,45,55,15,0,13,0,95
77,71,Empiflor,11,12,80,105,65,100,70,70,15,0,13,0,95
78,72,Tentacool,4,12,40,40,35,50,100,70,5,0,18,67,21
79,73,Tentacruel,4,12,80,70,65,80,120,100,5,0,18,67,21
80,74,Racaillou,14,15,40,80,100,30,30,20,12,0,30,70,0
81,75,Gravalanch,14,15,55,95,115,45,45,35,12,0,30,70,0
82,76,Grolem,14,15,80,120,130,55,65,45,12,0,30,70,0
83,77,Ponyta,7,0,50,85,55,65,65,90,14,0,32,71,17
84,78,Galopa,7,0,65,100,70,80,80,105,14,0,32,71,17
85,79,Ramoloss,4,13,90,65,65,40,40,15,3,13,10,69,157
86,80,Flagadoss,4,13,95,75,110,100,80,30,3,13,10,69,157
87,80,Méga-Flagadoss,4,13,95,75,180,130,80,30,3,13,16,0,0
88,81,Magnéti,5,1,25,35,70,95,55,45,12,0,30,44,125
89,82,Magnéton,5,1,50,60,95,120,70,70,12,0,30,44,125
90,83,Canarticho,10,18,52,65,55,58,62,60,1,14,9,62,124
91,84,Doduo,10,18,35,85,45,35,35,75,1,0,32,46,110
92,85,Dodrio,10,18,60,110,70,60,60,100,1,0,32,46,110
93,86,Otaria,4,0,65,45,55,45,70,45,3,14,40,97,86
94,87,Lamantine,4,8,90,70,80,70,95,70,3,14,40,97,86
95,88,Tadmorv,12,0,80,80,50,40,50,25,2,0,35,60,162
96,89,Grotadmorv,12,0,105,105,75,65,100,50,2,0,35,60,162
97,90,Kokiyas,4,0,30,65,100,45,25,40,5,0,16,106,134
98,91,Crustabri,4,8,50,95,180,85,45,70,5,0,16,106,134
99,92,Fantominus,16,12,30,35,30,100,35,80,2,0,42,0,0
100,93,Spectrum,16,12,45,50,45,115,55,95,2,0,42,0,0
101,94,Ectoplasma,16,12,60,65,60,130,75,110,2,0,42,0,0
102,94,Méga-Ectoplasma,16,12,60,65,80,170,95,130,2,0,45,0,0
103,95,Onix,14,15,35,45,160,30,45,70,12,0,30,70,126
104,96,Soporifik,13,0,60,48,45,43,90,42,8,0,38,113,9
105,97,Hypnomade,13,0,85,73,70,73,115,67,8,0,38,113,9
106,98,Krabby,4,0,30,105,90,25,25,50,5,0,16,36,158
107,99,Krabboss,4,0,55,130,115,50,50,75,5,0,16,36,158
108,100,Voltorbe,5,0,40,30,50,55,55,100,12,0,6,66,81
109,101,Électrode,5,0,60,50,70,80,80,140,12,0,6,66,81
110,102,Noeunoeuf,11,13,60,40,80,60,45,40,15,0,13,0,156
111,103,Noadkoko,11,13,95,95,85,125,65,55,15,0,13,0,156
112,104,Osselait,15,0,50,50,95,40,50,35,13,0,53,70,8
113,105,Ossatueur,15,0,60,80,110,50,80,45,13,0,53,70,8
114,106,Kicklee,2,0,50,120,53,35,110,87,8,0,24,123,88
115,107,Tygnon,2,0,50,105,79,35,110,76,8,0,62,112,9
116,108,Excelangue,10,0,90,55,75,60,75,30,13,0,10,69,14
117,109,Smogo,12,0,40,65,95,60,45,35,2,0,42,0,0
118,110,Smogogo,12,0,65,90,120,85,70,60,2,0,42,0,0
119,111,Rhinocorne,14,15,80,85,95,30,30,25,13,14,53,70,123
120,112,Rhinoféros,14,15,105,130,120,45,45,40,13,14,53,70,123
121,113,Leveinard,10,0,250,5,5,35,105,50,7,0,47,65,130
122,114,Saquedeneu,11,0,65,55,115,100,40,60,15,0,13,90,157
123,115,Kangourex,10,0,105,95,80,40,80,90,13,0,46,114,9
124,115,Méga-Kangourex,10,0,105,125,100,60,100,100,13,0,166,0,0
125,116,Hypotrempe,4,0,30,40,70,70,25,60,3,6,34,118,50
126,117,Hypocéan,4,0,55,55,65,95,45,85,3,6,57,118,50
127,118,Poissirène,4,0,45,67,60,35,50,63,4,0,34,37,53
128,119,Poissoroy,4,0,80,92,65,65,80,68,4,0,34,37,53
129,120,Stari,4,0,30,45,55,70,55,85,5,0,43,47,125
130,121,Staross,4,13,60,75,85,100,85,115,5,0,43,47,125
131,122,M.Mime,13,6,40,45,65,100,120,90,8,0,6,91,121
132,123,Insécateur,9,18,70,110,80,55,80,105,10,0,29,121,99
133,124,Lippoutou,13,8,65,50,35,115,95,95,8,0,10,113,109
134,125,Élektek,5,0,65,83,57,95,85,105,8,0,66,0,28
135,126,Magmar,7,0,65,95,57,100,85,93,8,0,17,0,28
136,127,Scarabrute,9,0,65,125,100,55,70,85,10,0,36,82,143
137,127,Méga-Scarabrute,9,18,65,155,120,65,90,105,10,0,181,0,0
138,128,Tauros,10,0,75,100,95,40,70,110,14,0,39,85,158
139,129,Magicarpe,4,0,20,10,55,15,20,80,4,6,34,0,152
140,130,Léviator,4,18,95,125,79,60,100,81,4,6,39,0,143
141,130,Méga-Léviator,4,17,95,155,109,70,130,81,4,6,82,0,0
142,131,Lokhlass,4,8,130,85,80,85,95,60,3,13,2,16,97
143,132,Métamorph,10,0,48,48,48,48,48,48,11,0,24,0,142
144,133,Évoli,10,0,55,55,50,45,65,55,14,0,32,77,80
145,134,Aquali,4,0,130,65,60,110,95,65,14,0,2,0,97
146,135,Voltali,5,0,65,65,60,110,95,130,14,0,3,0,111
147,136,Pyroli,7,0,65,130,60,95,110,65,14,0,71,0,20
148,137,Porygon,10,0,65,60,70,85,75,40,12,0,12,122,125
149,138,Amonita,14,4,35,40,100,90,55,35,3,5,16,34,126
150,139,Amonistar,14,4,70,60,125,115,70,55,3,5,16,34,126
151,140,Kabuto,14,4,30,80,90,55,45,55,3,5,8,34,126
152,141,Kabutops,14,4,60,115,105,65,70,80,3,5,8,34,126
153,142,Ptéra,14,18,80,105,65,60,75,130,1,0,59,70,160
154,142,Méga-Ptéra,14,18,80,135,85,70,95,150,1,0,176,0,0
155,143,Ronflex,10,0,160,110,65,65,110,30,13,0,40,74,95
156,144,Artikodin,8,18,90,85,100,95,125,85,9,0,59,0,115
157,145,Électhor,5,18,90,90,85,125,90,100,9,0,59,0,66
158,146,Sulfura,7,18,90,100,90,125,85,90,9,0,59,0,17
159,147,Minidraco,3,0,41,64,45,50,50,50,3,6,51,0,23
160,148,Draco,3,0,61,84,65,70,70,70,3,6,51,0,23
161,149,Dracolosse,3,18,91,134,95,100,100,80,3,6,9,0,150
162,150,Mewtwo,13,0,106,110,90,154,90,130,9,0,59,0,160
163,150,Méga-MewtwoX,13,2,106,190,100,154,100,130,9,0,99,0,0
164,150,Méga-MewtwoY,13,0,106,150,70,194,120,140,9,0,38,0,0
165,151,Mew,13,0,100,100,100,100,100,100,9,0,68,0,0
166,152,Germignon,11,0,45,49,65,49,65,45,13,15,27,0,90
167,153,Macronium,11,0,60,62,80,63,80,60,13,15,27,0,90
168,154,Méganium,11,0,80,82,100,83,100,80,13,15,27,0,90
169,155,Héricendre,7,0,39,52,43,60,50,65,14,0,11,0,71
170,156,Feurisson,7,0,58,64,58,80,65,80,14,0,11,0,71
171,157,Typhlosion,7,0,78,84,78,109,85,100,14,0,11,0,71
172,158,Kaiminus,4,0,50,65,64,44,48,43,3,13,72,0,158
173,159,Crocrodil,4,0,65,80,80,59,63,58,3,13,72,0,158
174,160,Aligatueur,4,0,85,105,100,79,83,78,3,13,72,0,158
175,161,Fouinette,10,0,35,46,34,35,45,20,14,0,32,62,93
176,162,Fouinar,10,0,85,76,64,45,55,90,14,0,32,62,93
177,163,Hoothoot,10,18,60,30,30,36,56,50,1,0,38,62,102
178,164,Noarfang,10,18,100,50,50,76,96,70,1,0,38,62,102
179,165,Coxy,9,18,40,20,30,40,80,55,10,0,29,46,152
180,166,Coxyclaque,9,18,55,35,50,55,110,85,10,0,29,46,112
181,167,Mimigal,9,12,40,60,40,40,40,30,10,0,29,38,118
182,168,Migalos,9,12,70,90,70,60,60,40,10,0,29,38,118
183,169,Nostenfer,12,18,85,90,80,70,80,130,1,0,9,0,144
184,170,Loupio,4,5,75,38,38,56,56,67,4,0,3,43,2
185,171,Lanturn,4,5,125,58,58,76,76,67,4,0,3,43,2
186,172,Pichu,5,0,20,40,15,35,35,60,9,0,66,0,53
187,173,Mélo,6,0,50,25,28,45,55,15,9,0,41,95,138
188,174,Toudoudou,10,6,90,30,15,40,20,15,9,0,41,172,138
189,175,Togepi,6,0,35,20,65,40,65,20,9,0,4,65,83
190,176,Togetic,6,18,55,40,85,80,105,40,1,7,4,65,83
191,177,Natu,13,18,40,50,45,70,45,70,1,0,46,68,147
192,178,Xatu,13,18,65,75,70,95,70,95,1,0,46,68,147
193,179,Wattouat,5,0,55,40,40,65,45,35,13,14,66,0,56
194,180,Lainergie,5,0,70,55,55,80,60,45,13,14,66,0,56
195,181,Pharamp,5,0,90,75,85,115,90,55,13,14,66,0,56
196,181,Méga-Pharamp,5,3,90,95,105,165,110,45,13,14,82,0,0
197,182,Joliflor,11,0,75,80,85,90,100,50,15,0,13,0,130
198,183,Marill,4,6,70,20,50,20,50,40,3,7,15,40,140
199,184,Azumarill,4,6,100,50,80,60,80,50,3,7,15,40,140
200,185,Simularbre,14,0,70,100,115,30,65,30,12,0,30,70,152
201,186,Tarpaud,4,0,90,75,75,90,100,70,3,0,2,50,19
202,187,Granivol,11,18,35,35,40,35,55,50,7,15,13,90,144
203,188,Floravol,11,18,55,45,50,45,65,80,7,15,13,90,144
204,189,Cotovol,11,18,75,55,70,55,95,110,7,15,13,90,144
205,190,Capumain,10,0,55,70,55,40,55,85,14,0,32,61,106
206,191,Tournegrin,11,0,30,30,30,30,30,30,15,0,13,92,0
207,192,Héliatronc,11,0,75,75,55,105,85,30,15,0,13,92,0
208,193,Yanma,9,18,65,65,45,75,45,95,10,0,52,73,93
209,194,Axoloto,4,15,55,45,45,25,25,15,3,14,2,50,100
210,195,Maraiste,4,15,95,85,85,65,65,35,3,14,2,50,100
211,196,Mentali,13,0,65,65,60,130,95,110,14,0,68,0,147
212,197,Noctali,17,0,95,65,110,60,130,65,14,0,68,0,9
213,198,Cornèbre,17,18,60,85,42,85,42,91,1,0,38,83,136
214,199,Roigada,4,13,95,75,80,100,110,30,3,13,10,69,157
215,200,Feuforêve,16,0,60,60,60,85,85,85,2,0,42,0,0
216,201,Zarbi,13,0,48,72,48,72,48,48,9,0,42,0,0
217,202,Qulbutoké,13,0,190,33,58,33,58,33,2,0,45,0,159
218,203,Girafarig,10,13,70,80,65,90,65,85,14,0,9,46,140
219,204,Pomdepik,9,0,50,65,90,35,35,15,10,0,30,0,134
220,205,Foretress,9,1,75,90,140,60,60,40,10,0,30,0,134
221,206,Insolourdo,10,0,100,70,70,65,65,45,14,0,32,65,152
222,207,Scorplane,15,18,65,75,105,35,65,85,10,0,36,76,74
223,208,Steelix,1,15,75,85,200,55,65,30,12,0,30,70,158
224,208,Méga-Steelix,1,15,75,125,230,55,95,30,12,0,137,0,0
225,209,Snubbull,6,0,60,80,50,40,40,30,7,14,32,39,152
226,210,Granbull,6,0,90,120,75,60,60,45,7,14,39,111,152
227,211,Qwilfish,4,12,65,95,75,55,55,85,4,0,34,57,39
228,212,Cizayox,9,1,70,130,100,55,80,65,10,0,29,121,145
229,212,Méga-Cizayox,9,1,70,150,140,65,100,75,10,0,121,0,0
230,213,Caratroc,9,14,20,10,230,10,230,5,10,0,30,96,131
231,214,Scarhino,9,2,80,125,75,40,95,85,10,0,20,29,143
232,214,Méga-Scarhino,9,2,80,185,115,40,105,75,10,0,106,0,0
233,215,Farfuret,17,8,55,95,55,35,75,115,14,0,9,62,153
234,216,Teddiursa,10,0,60,80,50,50,50,40,14,0,61,111,84
235,217,Ursaring,10,0,90,130,75,75,75,55,14,0,20,111,160
236,218,Limagma,7,0,40,40,40,70,40,20,2,0,7,17,126
237,219,Volcaropod,7,14,50,50,120,80,80,30,2,0,7,17,126
238,220,Marcacrin,8,15,50,50,40,30,30,50,14,0,10,115,40
239,221,Cochignon,8,15,100,100,80,60,60,50,14,0,10,115,40
240,222,Corayon,4,14,55,55,85,65,85,35,3,5,4,47,157
241,223,Rémoraid,4,0,35,65,35,65,35,65,3,4,4,118,146
242,224,Octillery,4,0,75,105,75,105,75,45,3,4,75,118,146
243,225,Cadoizo,8,18,45,55,45,65,45,75,3,14,4,28,38
244,226,Démanta,4,18,65,40,70,80,140,70,3,0,2,34,37
245,227,Airmure,1,18,65,80,140,40,70,70,1,0,30,62,126
246,228,Malosse,7,17,45,60,30,80,50,65,14,0,46,71,160
247,229,Démolosse,7,17,75,90,50,110,80,95,14,0,46,71,160
248,229,Méga-Démolosse,7,17,75,90,90,140,90,115,14,0,92,0,0
249,230,Hyporoi,4,3,75,95,95,95,95,85,3,6,34,118,50
250,231,Phanpy,15,0,90,60,60,40,40,40,14,0,61,0,0
251,232,Donphan,15,0,90,120,120,60,60,50,14,0,30,0,0
252,233,Porygon2,10,0,85,80,90,105,95,60,12,0,12,122,125
253,234,Cerfrousse,10,0,73,95,62,85,65,85,14,0,39,93,140
254,235,Queulorior,10,0,55,20,35,20,45,75,14,0,69,121,146
255,236,Debugant,2,0,35,35,35,35,35,35,9,0,20,99,28
256,237,Kapoera,2,0,50,95,95,35,110,70,8,0,39,121,99
257,238,Lippouti,8,13,45,30,15,85,65,65,9,0,10,113,97
258,239,Élekid,5,0,45,63,37,65,55,95,9,0,66,0,28
259,240,Magby,7,0,45,75,37,70,55,83,9,0,17,0,28
260,241,Écrémeuh,10,0,95,80,105,40,70,100,14,0,40,114,140
261,242,Leuphorie,10,0,255,10,10,75,135,55,7,0,47,65,130
262,243,Raikou,5,0,90,85,75,115,100,115,9,0,59,0,3
263,244,Entei,7,0,115,115,85,90,75,100,9,0,59,0,71
264,245,Suicune,4,0,100,75115,90,115,85,580,9,0,59,0,2
265,246,Embrylex,14,15,50,64,50,45,50,41,13,0,20,0,76
266,247,Ymphect,14,15,70,84,70,65,70,51,13,0,51,0,0
267,248,Tyranocif,14,17,100,134,110,95,100,61,13,0,63,0,160
268,248,Méga-Tyranocif,14,17,100,164,150,95,120,71,13,0,63,0,0
269,249,Lugia,13,18,106,90,130,90,154,110,9,0,59,0,150
270,250,Ho-Oh,7,18,106,130,90,110,154,90,9,0,59,0,157
271,251,Celebi,13,11,100,100,100,100,100,100,9,0,47,0,0
272,252,Arcko,11,0,40,45,35,65,55,70,6,13,27,0,88
273,253,Massko,11,0,50,65,45,85,65,95,6,13,27,0,88
274,254,Jungko,11,0,70,85,65,105,85,120,6,13,27,0,88
275,254,Méga-Jungko,11,3,70,110,75,145,85,145,6,13,53,0,0
276,255,Poussifeu,7,0,45,60,40,70,50,45,14,0,11,0,73
277,256,Galifeu,7,2,60,85,60,85,60,55,14,0,11,0,73
278,257,Braségali,7,2,80,120,70,110,70,80,14,0,11,0,73
279,257,Méga-Braségali,7,2,80,160,80,130,80,100,14,0,73,0,0
280,258,Gobou,4,0,50,70,50,50,50,40,3,13,72,0,50
281,259,Flobio,4,15,70,85,70,60,70,50,3,13,72,0,50
282,260,Laggron,4,15,100,110,90,85,90,60,3,13,72,0,50
283,260,Méga-Laggron,4,15,100,150,110,95,110,70,3,13,34,0,0
284,261,Medhyèna,17,0,35,55,35,30,30,35,14,0,32,111,152
285,262,Grahyèna,17,0,70,90,70,60,60,70,14,0,39,111,143
286,263,Zigzaton,10,0,38,30,41,30,41,60,14,0,61,96,111
287,264,Linéon,10,0,78,70,61,50,61,100,14,0,61,96,111
288,265,Chenipotte,9,0,45,45,35,20,30,20,10,0,26,0,32
289,266,Armulys,9,0,50,35,55,25,25,15,10,0,51,0,0
290,267,Charmillon,9,18,60,70,50,100,50,65,10,0,29,0,116
291,268,Blindalys,9,0,50,35,55,25,25,15,10,0,51,0,0
292,269,Papinox,9,12,60,50,70,50,90,65,10,0,26,0,52
293,270,Nénupiot,11,4,40,30,30,40,50,30,3,15,21,34,69
294,271,Lombre,11,4,60,50,50,60,70,50,3,15,21,34,69
295,272,Ludicolo,11,4,80,70,70,90,100,70,3,15,21,34,69
296,273,Grainipiot,11,0,40,40,50,30,30,30,14,15,13,46,153
297,274,Pifeuil,11,17,70,70,40,60,40,60,14,15,13,46,153
298,275,Tengalice,11,17,90,100,60,90,60,80,14,15,13,46,153
299,276,Nirondelle,10,18,40,55,30,30,30,85,1,0,20,0,114
300,277,Hélédelle,10,18,60,85,60,50,50,125,1,0,20,0,114
301,278,Goélise,4,18,40,30,30,55,30,85,1,3,62,0,21
302,279,Bekipan,4,18,60,50,100,85,70,65,1,3,62,0,21
303,280,Tarsal,13,6,28,25,25,45,35,40,2,0,12,68,159
304,281,Kirlia,13,6,38,35,35,65,55,50,2,0,12,68,159
305,282,Gardevoir,13,6,68,65,65,125,115,80,2,0,12,68,159
306,282,Méga-Gardevoir,13,6,68,85,65,165,135,100,2,0,182,0,0
307,283,Arakdo,9,4,40,30,32,50,52,65,3,10,34,0,21
308,284,Maskadra,9,18,70,60,62,80,82,60,3,10,39,0,160
309,285,Balignon,11,0,60,40,60,40,60,35,7,15,58,119,111
310,286,Chapignon,11,2,60,130,80,60,60,70,7,15,58,119,121
311,287,Parecool,10,0,60,60,60,35,35,30,14,0,1,0,0
312,288,Vigoroth,10,0,80,80,80,55,55,90,14,0,28,0,0
313,289,Monaflèmit,10,0,150,160,100,95,65,100,14,0,1,0,0
314,290,Ningale,9,15,31,45,90,30,30,40,10,0,52,0,32
315,291,Ninjask,9,18,61,90,45,50,50,160,10,0,73,0,144
316,292,Munja,9,16,1,90,45,30,30,40,12,0,33,0,0
317,293,Chuchmur,10,0,64,51,23,51,23,28,13,14,6,0,152
318,294,Ramboum,10,0,84,71,43,71,43,48,13,14,6,0,114
319,295,Brouhabam,10,0,104,91,63,91,73,68,13,14,6,0,114
320,296,Makuhita,2,0,72,60,30,20,30,25,8,0,20,40,158
321,297,Hariyama,2,0,144,120,60,40,60,50,8,0,20,40,158
322,298,Azurill,10,6,50,20,40,20,40,20,9,0,15,40,140
323,299,Tarinor,14,1,30,45,135,45,90,30,12,0,30,44,137
324,300,Skitty,10,0,50,45,45,35,35,50,7,14,41,108,151
325,301,Delcatty,10,0,70,65,65,55,55,70,7,14,41,108,151
326,302,Ténéfix,16,17,50,75,75,65,65,50,8,0,62,94,136
327,302,Méga-Ténéfix,16,17,50,85,125,85,115,20,8,0,147,0,0
328,303,Mysdibule,1,6,50,85,85,55,55,50,7,14,36,39,158
329,303,Méga-Mysdibule,1,6,50,105,125,55,95,50,7,14,15,0,0
330,304,Galekid,14,1,50,70,100,40,40,30,13,0,30,70,139
331,305,Galegon,14,1,60,90,140,50,50,40,13,0,30,70,139
332,306,Galeking,14,1,70,110,180,60,60,50,13,0,30,70,139
333,306,Méga-Galeking,1,0,70,140,230,60,80,50,13,0,91,0,0
334,307,Méditikka,2,13,30,40,55,40,55,60,8,0,31,0,159
335,308,Charmina,2,13,60,60,75,60,75,80,8,0,31,0,159
336,308,Méga-Charmina,2,13,60,100,85,80,85,100,8,0,31,0,0
337,309,Dynavolt,5,0,40,45,40,65,40,65,14,0,53,66,49
338,310,Élecsprint,5,0,70,75,60,105,60,105,14,0,53,66,49
339,310,Méga-Élecsprint,5,0,70,75,80,135,80,135,14,0,39,0,0
340,311,Posipi,5,0,60,50,40,85,75,95,7,0,56,0,53
341,312,Négapi,5,0,60,40,50,75,85,95,7,0,49,0,3
342,313,Muciole,9,0,65,73,55,47,75,85,8,10,29,43,136
343,314,Lumivole,9,0,65,47,55,73,75,85,8,10,10,102,136
344,315,Rosélia,11,12,50,60,45,100,80,65,7,15,47,57,90
345,316,Gloupti,12,0,70,43,53,43,53,40,2,0,35,67,95
346,317,Avaltout,12,0,100,73,83,73,83,55,2,0,35,67,95
347,318,Carvanha,4,17,45,90,20,65,20,65,4,0,54,0,73
348,319,Sharpedo,4,17,70,120,40,95,40,95,4,0,54,0,73
349,319,Méga-Sharpedo,4,17,70,140,70,110,65,105,4,0,185,0,0
350,320,Wailmer,4,0,130,70,35,70,35,60,4,14,10,37,59
351,321,Wailord,4,0,170,90,45,90,45,60,4,14,10,37,59
352,322,Chamallot,7,15,60,60,40,65,45,35,14,0,10,117,69
353,323,Camérupt,7,15,70,100,70,105,75,40,14,0,7,120,85
354,323,Méga-Camérupt,7,15,70,120,100,145,105,20,14,0,158,0,0
355,324,Chartor,7,0,70,85,140,85,70,20,14,0,25,0,16
356,325,Spoink,13,0,60,25,35,70,80,60,14,0,40,69,95
357,326,Groret,13,0,80,45,65,90,110,80,14,0,40,69,95
358,327,Spinda,10,0,60,60,60,60,60,60,8,14,69,110,131
359,328,Kraknoix,15,0,45,100,45,45,45,10,10,0,36,55,158
360,329,Vibraninf,15,3,50,70,50,50,50,70,10,0,42,0,0
361,330,Libégon,15,3,80,100,80,80,80,100,10,0,42,0,0
362,331,Cacnea,11,0,50,85,40,85,40,35,8,15,76,0,2
363,332,Cacturne,11,17,70,115,60,115,60,55,8,15,76,0,2
364,333,Tylton,10,18,45,40,60,40,75,50,1,6,47,0,14
365,334,Altaria,3,18,75,70,90,70,105,80,1,6,47,0,14
366,334,Méga-Altaria,3,6,75,110,110,110,105,85,1,6,182,0,0
367,335,Mangriff,10,0,73,115,60,60,60,90,14,0,74,0,155
368,336,Séviper,12,0,73,100,60,100,60,65,6,14,51,0,144
369,337,Séléroc,14,13,70,55,65,95,85,70,12,0,42,0,0
370,338,Solaroc,14,13,70,95,85,55,65,70,12,0,42,0,0
371,339,Barloche,4,15,50,48,43,46,41,60,4,0,10,80,97
372,340,Barbicha,4,15,110,78,73,76,71,60,4,0,10,80,97
373,341,Écrapince,4,0,43,80,65,50,35,35,3,5,16,36,77
374,342,Colhomard,4,17,63,120,85,90,55,55,3,5,16,36,77
375,343,Balbuto,15,13,40,40,55,40,70,55,12,0,42,0,0
376,344,Kaorine,15,13,60,70,105,70,120,75,12,0,42,0,0
377,345,Lilia,11,14,66,41,77,61,87,23,5,0,75,0,101
378,346,Vacilys,11,14,86,81,97,81,107,43,5,0,75,0,101
379,347,Anorith,9,14,45,95,50,40,50,75,5,0,8,0,34
380,348,Armaldo,9,14,75,125,100,70,80,45,5,0,8,0,34
381,349,Barpau,4,0,20,15,20,10,55,80,3,6,10,34,77
382,350,Milobellus,4,0,95,60,79,100,125,81,3,6,23,172,41
383,351,Morphéo,10,0,70,70,70,70,70,70,2,7,48,0,0
384,351,Morphéo (Forme Eau De Pluie),4,0,70,70,70,70,70,70,2,7,48,0,0
385,351,Morphéo (Forme Solaire),7,0,70,70,70,70,70,70,2,7,48,0,0
386,351,Morphéo (Forme Blizzard),8,0,70,70,70,70,70,70,2,7,48,0,0
387,352,Kecleon,10,0,60,90,70,60,120,40,14,0,22,0,186
388,353,Polichombr,16,0,44,75,35,63,33,45,2,0,38,93,132
389,354,Branette,16,0,64,115,65,83,63,65,2,0,38,93,132
390,354,Méga-Branette,16,0,64,165,75,93,83,75,2,0,136,0,0
391,355,Skelénox,16,0,20,40,90,30,90,25,2,0,42,0,93
392,356,Téraclope,16,0,40,70,130,60,130,25,2,0,59,0,93
393,357,Tropius,11,18,99,68,83,72,87,51,13,15,13,92,156
394,358,Éoko,13,0,65,50,70,95,80,65,2,0,42,0,0
395,359,Absol,17,0,65,130,60,75,60,75,14,0,59,83,129
396,359,Méga-Absol,17,0,65,150,60,115,60,115,14,0,147,0,0
397,360,Okéoké,13,0,95,23,48,23,48,23,9,0,45,0,159
398,361,Stalgamin,8,0,50,50,50,50,50,50,7,12,9,86,146
399,362,Oniglali,8,0,80,80,80,80,80,80,7,12,9,86,146
400,362,Méga-Oniglali,8,0,80,120,80,120,80,100,7,12,183,0,0
401,363,Obalie,8,4,70,40,50,55,50,25,3,14,40,86,10
402,364,Phogleur,8,4,90,60,70,75,70,45,3,14,40,86,10
403,365,Kaimorse,8,4,110,80,90,95,90,65,3,14,40,86,10
404,366,Coquiperl,4,0,35,64,85,74,55,32,3,0,16,0,152
405,367,Serpang,4,0,55,104,105,94,75,52,3,0,34,0,37
406,368,Rosabyss,4,0,55,84,105,114,75,52,3,0,34,0,97
407,369,Relicanth,4,14,100,90,130,45,65,55,3,4,34,70,30
408,370,Lovdisc,4,0,43,30,55,40,65,97,4,0,34,0,97
409,371,Draby,3,0,45,75,60,40,30,50,6,0,70,0,158
410,372,Drackhaus,3,0,65,95,100,60,50,50,6,0,70,0,134
411,373,Drattak,3,18,95,135,80,110,80,100,6,0,39,0,143
412,373,Méga-Drattak,3,18,95,145,130,120,90,120,6,0,181,0,0
413,374,Terhal,1,13,40,55,80,35,60,30,12,0,18,0,145
414,375,Métang,1,13,60,75,100,55,80,50,12,0,18,0,145
415,376,Métalosse,1,13,80,135,130,95,90,70,12,0,18,0,145
416,376,Méga-Métalosse,1,13,80,145,150,105,110,110,12,0,176,0,0
417,377,Regirock,14,0,80,100,200,50,100,50,9,0,18,0,30
418,378,Regice,8,0,80,50,100,100,200,50,9,0,18,0,86
419,379,Registeel,1,0,80,75,150,75,150,50,9,0,18,0,145
420,380,Latias,3,13,80,80,90,110,130,110,9,0,42,0,0
421,380,Méga-Latias,3,13,80,100,120,140,150,110,9,0,42,0,0
422,381,Latios,3,13,80,90,80,130,110,110,9,0,42,0,0
423,381,Méga-Latios,3,13,80,130,100,160,120,110,9,0,42,0,0
424,382,Kyogre,4,0,100,100,90,150,140,90,9,0,19,0,0
425,382,Primo-Kyogre,4,0,100,150,90,180,160,90,9,0,179,0,0
426,383,Groudon,15,0,100,150,140,100,90,90,9,0,64,0,0
427,383,Primo-Groudon,15,7,100,180,160,150,90,90,9,0,189,0,0
428,384,Rayquaza,3,18,105,150,90,150,90,95,9,0,5,0,0
429,384,Méga-Rayquaza,3,18,105,180,100,180,100,115,9,0,187,0,0
430,385,Jirachi,1,13,100,100,100,100,100,100,9,0,65,0,0
431,386,Deoxys (Forme de Base),13,0,50,150,50,150,50,150,9,0,59,0,0
432,386,Deoxys (Forme Attaque),13,0,50,180,20,180,20,150,9,0,59,0,0
433,386,Deoxys (Forme Défense),13,0,50,70,160,70,160,90,9,0,59,0,0
434,386,Deoxys (Forme Vitesse),13,0,50,95,90,95,90,180,9,0,59,0,0
435,387,Tortipouss,11,0,55,68,64,45,55,31,13,15,27,0,16
436,388,Boskara,11,0,75,89,85,55,65,36,13,15,27,0,16
437,389,Torterra,11,15,95,109,105,75,85,56,13,15,27,0,16
438,390,Ouisticram,7,0,44,58,44,58,44,61,8,14,11,0,112
439,391,Chimpenfeu,7,2,64,78,52,78,52,81,8,14,11,0,112
440,392,Simiabraz,7,2,76,104,71,104,71,108,8,14,11,0,112
441,393,Tiplouf,4,0,53,51,53,61,56,40,3,14,72,0,124
442,394,Prinplouf,4,0,64,66,68,81,76,50,3,14,72,0,124
443,395,Pingoléon,4,1,84,86,88,111,101,60,3,14,72,0,124
444,396,Étourmi,10,18,40,55,30,30,30,60,1,0,62,0,123
445,397,Étourvol,10,18,55,75,50,40,40,80,1,0,39,0,123
446,398,Étouraptor,10,18,85,120,70,50,60,100,1,0,39,0,123
447,399,Keunotor,10,0,59,45,40,35,40,31,3,14,100,117,146
448,400,Castorno,10,4,79,85,60,55,60,71,3,14,100,117,146
449,401,Crikzik,9,0,37,25,41,25,41,25,10,0,51,0,32
450,402,Mélokrik,9,0,77,85,51,55,51,65,10,0,29,0,121
451,403,Lixy,5,0,45,65,34,40,34,45,14,0,39,116,20
452,404,Luxio,5,0,60,85,49,60,49,60,14,0,39,116,20
453,405,Luxray,5,0,80,120,79,95,79,70,14,0,39,116,20
454,406,Rozbouton,11,0,40,30,35,50,70,55,9,0,47,57,90
455,407,Roserade,11,12,60,70,65,125,105,90,7,15,47,57,121
456,408,Kranidos,14,0,67,125,40,30,30,58,13,0,82,0,158
457,409,Charkos,14,0,97,165,60,65,50,58,13,0,82,0,158
458,410,Dinoclier,14,1,30,42,118,42,88,30,13,0,30,0,6
459,411,Bastiodon,14,1,60,52,168,47,138,30,13,0,30,0,6
460,412,Cheniti,9,0,40,29,45,29,45,36,10,0,51,0,134
461,413,Cheniselle (Cape Plante),9,0,60,59,85,79,105,36,10,0,80,0,134
462,413,Cheniselle (Cape Sol),9,15,60,79,105,59,85,36,10,0,80,0,134
463,413,Cheniselle (Cape Déchet),9,1,60,69,95,69,95,36,10,0,80,0,134
464,414,Papilord,9,18,70,94,50,94,50,66,10,0,29,0,102
465,415,Apitrini,9,18,30,30,42,30,42,70,10,0,84,0,4
466,416,Apireine,9,18,70,80,102,80,102,40,10,0,59,0,160
467,417,Pachirisu,5,0,60,45,70,45,90,95,7,14,32,61,3
468,418,Mustébouée,4,0,55,65,35,60,30,85,3,14,34,0,37
469,419,Mustéflott,4,0,85,105,55,85,50,115,3,14,34,0,37
470,420,Ceribou,11,0,45,35,45,62,53,35,7,15,13,0,0
471,421,Ceriflor,11,0,70,60,70,87,78,85,7,15,89,0,0
472,422,Sancoki,4,0,76,48,48,57,62,34,2,3,35,101,137
473,423,Tritosor,4,15,111,83,68,92,82,39,2,3,35,101,137
474,424,Capidextre,10,0,75,100,66,60,66,115,14,0,61,121,106
475,425,Baudrive,16,18,90,50,34,60,44,70,2,0,81,88,154
476,426,Grodrive,16,18,150,80,44,90,54,80,2,0,81,88,154
477,427,Laporeille,10,0,55,66,44,44,56,85,8,14,32,103,24
478,428,Lockpin,10,0,65,76,84,54,96,105,8,14,41,103,24
479,428,Méga-Lockpin,10,2,65,136,94,54,96,135,8,14,114,0,0
480,429,Magirêve,16,0,60,60,60,105,105,105,2,0,42,0,0
481,430,Corboss,17,18,100,125,52,105,52,71,1,0,38,83,143
482,431,Chaglam,10,0,49,55,42,42,37,85,14,0,24,69,0
483,432,Chaffreux,10,0,71,82,64,64,59,112,14,0,40,69,124
484,433,Korillon,13,0,45,30,50,65,50,45,9,0,42,0,0
485,434,Moufouette,12,17,63,63,47,41,41,74,14,0,60,81,0
486,435,Moufflair,12,17,103,93,67,71,61,84,14,0,60,81,0
487,436,Archéomire,1,13,57,24,86,24,86,23,12,0,42,98,139
488,437,Archéodong,1,13,67,89,116,79,116,33,12,0,42,98,139
489,438,Manzaï,14,0,50,80,95,10,45,10,9,0,30,70,152
490,439,MimeJr.,13,6,20,25,45,70,90,60,9,0,6,91,121
491,440,Ptiravi,10,0,100,5,5,15,65,30,9,0,47,65,138
492,441,Pijako,10,18,76,65,45,92,42,91,1,0,62,110,128
493,442,Spiritomb,16,17,50,92,108,92,108,35,2,0,59,0,144
494,443,Griknot,3,15,58,70,45,40,45,42,6,0,76,0,54
495,444,Carmache,3,15,68,90,65,50,55,82,6,0,76,0,54
496,445,Carchacrok,3,15,108,130,95,80,85,102,6,0,76,0,54
497,445,Méga-Carchacrok,3,15,108,170,115,120,95,92,6,0,137,0,0
498,446,Goinfrex,10,0,135,85,40,40,85,5,9,0,40,61,95
499,447,Riolu,2,0,40,70,40,35,40,60,9,0,9,99,136
500,448,Lucario,2,1,70,110,70,115,70,90,8,14,9,99,129
501,448,Méga-Lucario,2,1,70,145,88,140,70,112,8,14,77,0,0
502,449,Hippopotas,15,0,68,72,78,38,42,32,14,0,63,0,137
503,450,Hippodocus,15,0,108,112,118,68,72,47,14,0,63,0,137
504,451,Rapion,12,9,40,50,90,30,55,65,5,10,8,118,0
505,452,Drascore,12,17,70,90,110,60,75,95,5,10,8,118,0
506,453,Cradopaud,12,2,48,61,40,61,40,50,8,0,80,109,162
507,454,Coatox,12,2,83,106,65,86,65,85,8,0,80,109,162
508,455,Vortente,11,0,74,100,72,90,72,46,15,0,42,0,0
509,456,Écayon,4,0,49,49,56,4961,66,330,4,0,34,101,37
510,457,Luminéon,4,0,69,69,76,69,86,91,4,0,34,101,37
511,458,Babimanta,4,18,45,20,50,60,120,50,9,0,2,34,37
512,459,Blizzi,11,8,60,62,50,62,60,40,13,15,78,0,6
513,460,Blizzaroi,11,8,90,92,75,92,85,60,13,15,78,0,6
514,460,Méga-Blizzaroi,11,8,90,132,105,132,105,30,13,15,78,0,0
515,461,Dimoret,17,8,70,120,65,45,85,125,14,0,59,0,153
516,462,Magnézone,5,1,70,70,115,130,90,60,12,0,30,44,125
517,463,Coudlangue,10,0,110,85,95,80,95,50,13,0,10,69,14
518,464,Rhinastoc,14,15,115,140,130,55,55,40,13,14,53,120,123
519,465,Bouldeneu,11,0,100,100,125,110,50,50,15,0,13,90,157
520,466,Élekable,5,0,75,123,67,95,85,95,8,0,105,0,28
521,467,Maganon,7,0,75,95,67,125,95,83,8,0,17,0,28
522,468,Togekiss,6,18,85,50,95,120,115,80,1,7,4,0,83
523,469,Yanméga,9,18,86,76,86,116,56,95,10,0,73,102,93
524,470,Phyllali,11,0,65,110,130,60,65,95,14,0,90,0,13
525,471,Givrali,8,0,65,60,110,130,95,65,14,0,115,0,86
526,472,Scorvol,15,18,75,95,125,45,75,95,10,0,36,76,119
527,473,Mammochon,8,15,110,130,80,70,60,80,14,0,10,115,40
528,474,Porygon-Z,10,0,85,80,70,135,75,90,12,0,77,122,125
529,475,Gallame,13,2,68,125,65,65,115,80,2,0,99,0,129
530,475,Méga-Gallame,13,2,68,165,95,65,115,110,2,0,9,0,0
531,476,Tarinorme,14,1,60,55,145,75,150,40,12,0,30,44,137
532,477,Noctunoir,16,0,45,100,135,65,135,45,2,0,59,0,93
533,478,Momartik,8,16,70,80,70,80,70,110,7,12,115,0,132
534,479,Motisma (Forme Normale),5,16,50,50,77,95,77,91,2,0,42,0,0
535,479,Motisma (Forme Chaleur),5,7,50,65,107,105,107,86,2,0,42,0,0
536,479,Motisma (Forme Lavage),5,4,50,65,107,105,107,86,2,0,42,0,0
537,479,Motisma (Forme Froid),5,8,50,65,107,105,107,86,2,0,42,0,0
538,479,Motisma (Forme Tonte),5,11,50,65,107,105,107,86,2,0,42,0,0
539,479,Motisma (Forme Hélice),5,18,50,65,107,105,107,86,2,0,42,0,0
540,480,Créhelf,13,0,75,75,130,75,130,95,9,0,42,0,0
541,481,Créfollet,13,0,80,105,105,105,105,80,9,0,42,0,0
542,482,Créfadet,13,0,75,125,70,125,70,115,9,0,42,0,0
543,483,Dialga,1,3,100,120,120,150,100,90,9,0,59,0,159
544,484,Palkia,4,3,90,120,100,150,120,100,9,0,59,0,159
545,485,Heatran,7,1,91,90,106,130,106,77,9,0,71,0,17
546,486,Regigigas,10,0,110,160,110,80,110,100,9,0,87,0,0
547,487,Giratina (Forme Alternative),16,3,150,100,120,100,120,90,9,0,59,0,159
548,487,Giratina (Forme Originelle),16,3,150,120,100,120,100,90,9,0,42,0,159
549,488,Cresselia,13,0,120,70,120,75,130,85,9,0,42,0,0
550,489,Phione,4,0,80,80,80,80,80,80,3,7,97,0,0
551,490,Manaphy,4,0,100,100,100,100,100,100,3,7,97,0,0
552,491,Darkrai,17,0,70,90,90,135,90,125,9,0,104,0,0
553,492,Shaymin (Forme Terrestre),11,0,100,100,100,100,100,100,9,0,47,0,0
554,492,Shaymin (Forme Céleste),11,18,100,103,75,120,75,127,9,0,65,0,0
555,493,Arceus,10,0,120,120,120,120,120,120,9,0,107,0,0
556,494,Victini,7,13,100,100,100,100,100,100,9,0,164,0,0
557,495,Vipélierre,11,0,45,45,55,45,55,63,14,15,27,0,131
558,496,Lianaja,11,0,60,60,75,60,75,83,14,15,27,0,131
559,497,Majaspic,11,0,75,75,95,75,95,113,14,15,27,0,131
560,498,Gruikui,7,0,65,63,45,45,45,45,14,0,11,0,40
561,499,Grotichon,7,2,90,93,55,70,55,55,14,0,11,0,40
562,500,Roitiflam,7,2,110,123,65,100,65,65,14,0,11,0,123
563,501,Moustillon,4,0,55,55,45,63,45,45,14,0,72,0,16
564,502,Mateloutre,4,0,75,75,60,83,60,60,14,0,72,0,16
565,503,Clamiral,4,0,95,100,85,108,70,70,14,0,72,0,16
566,504,Ratentif,10,0,45,55,39,35,39,42,14,0,32,62,125
567,505,Miradar,10,0,60,85,69,60,69,77,14,0,43,62,125
568,506,Ponchiot,10,0,45,60,45,25,45,55,14,0,28,61,32
569,507,Ponchien,10,0,65,80,65,35,65,60,14,0,39,127,114
570,508,Mastouffe,10,0,85,110,90,45,90,80,14,0,39,127,114
571,509,Chacripan,17,0,41,50,37,50,37,66,14,0,24,88,136
572,510,Léopardus,17,0,64,88,50,88,50,106,14,0,24,88,136
573,511,Feuillajou,11,0,50,53,48,53,48,64,14,0,96,0,27
574,512,Feuiloutan,11,0,75,98,63,98,63,101,14,0,96,0,27
575,513,Flamajou,7,0,50,53,48,53,48,64,14,0,96,0,11
576,514,Flamoutan,7,0,75,98,63,98,63,101,14,0,96,0,11
577,515,Flotajou,4,0,50,53,48,53,48,64,14,0,96,0,72
578,516,Flotoutan,4,0,75,98,63,98,63,101,14,0,96,0,72
579,517,Munna,13,0,76,25,45,67,55,24,14,0,68,113,159
580,518,Mushana,13,0,116,55,85,107,95,29,14,0,68,113,159
581,519,Poichigeon,10,18,50,55,50,36,30,43,1,0,83,128,116
582,520,Colombeau,10,18,62,77,62,50,42,65,1,0,83,128,116
583,521,Déflaisan,10,18,80,115,80,65,55,93,1,0,83,128,116
584,522,Zébibron,5,0,45,60,32,50,32,76,14,0,53,105,140
585,523,Zéblitz,5,0,75,100,63,80,63,116,14,0,53,105,140
586,524,Nodulithe,14,0,55,75,85,25,25,15,12,0,30,0,137
587,525,Géolithe,14,0,70,105,105,50,40,20,12,0,30,0,137
588,526,Gigalithe,14,0,85,135,130,60,80,25,12,0,30,0,137
589,527,Chovsourir,13,18,55,45,43,55,43,72,1,14,100,103,117
590,528,Rhinolove,13,18,67,57,55,77,55,114,1,14,100,103,117
591,529,Rototaupe,15,0,60,85,40,30,45,68,14,0,127,137,82
592,530,Minotaupe,15,1,110,135,60,50,65,88,14,0,127,137,82
593,531,Nanméouïe,10,0,103,60,86,60,86,50,7,0,130,157,103
594,531,Méga-Nanméouïe,10,6,103,60,126,80,126,50,7,0,130,0,0
595,532,Charpenti,2,0,75,80,55,25,35,35,8,0,20,158,111
596,533,Ouvrifier,2,0,85,105,85,40,50,40,8,0,20,158,111
597,534,Bétochef,2,0,105,140,95,55,65,45,8,0,20,158,111
598,535,Tritonde,4,0,50,50,40,50,40,64,3,0,34,97,2
599,536,Batracné,4,15,75,65,55,65,55,69,3,0,34,97,2
600,537,Crapustule,4,15,105,95,75,85,75,74,3,0,34,162,2
601,538,Judokrak,2,0,120,100,85,30,85,45,8,0,9,20,82
602,539,Karaclée,2,0,75,125,75,30,75,85,8,0,9,30,82
603,540,Larveyette,11,9,45,53,70,40,60,42,10,0,13,29,134
604,541,Couverdure,11,9,55,63,90,50,80,42,10,0,13,90,134
605,542,Manternel,11,9,75,103,80,70,80,93,10,0,13,29,134
606,543,Venipatte,9,12,30,45,59,30,39,57,10,0,29,57,73
607,544,Scobolide,9,12,40,55,99,40,79,47,10,0,29,57,73
608,545,Brutapode,9,12,60,100,89,55,69,112,10,0,29,57,73
609,546,Doudouvet,11,0,40,27,60,37,50,66,7,15,136,144,13
610,547,Farfaduvet,11,6,60,67,85,77,75,116,7,15,136,144,13
611,548,Chlorobule,11,0,45,35,50,70,50,30,15,0,13,69,90
612,549,Fragilady,11,0,70,60,75,110,75,90,15,0,13,69,90
613,550,Bargantua,4,0,70,92,65,80,55,98,4,0,77,123,82
614,551,Mascaïman,15,17,50,72,35,35,35,65,14,0,39,143,85
615,552,Escroco,15,17,60,82,45,45,45,74,14,0,39,143,85
616,553,Crocorible,15,17,95,117,80,65,70,92,14,0,39,143,85
617,554,Darumarond,7,0,70,90,45,15,45,50,14,0,4,0,9
618,555,Darumacho (Mode Normal),7,0,105,140,55,30,55,95,14,0,158,0,148
619,555,Darumacho (Mode Daruma),7,13,105,30,105,140,105,55,14,0,0,0,148
620,556,Maracachi,11,0,75,86,67,106,67,60,15,0,2,13,101
621,557,Crabicoque,9,14,50,65,85,35,35,55,10,12,16,30,126
622,558,Crabaraque,9,14,70,95,125,65,75,45,10,12,16,30,126
623,559,Baggiguane,17,2,50,75,70,35,70,48,6,14,51,143,39
624,560,Baggaïd,17,2,65,90,115,45,115,58,6,14,51,143,39
625,561,Cryptéro,13,18,72,58,80,103,80,97,1,0,95,151,102
626,562,Tutafeh,16,0,38,30,85,55,65,30,2,12,149,0,0
627,563,Tutankafer,16,0,58,50,145,95,105,30,2,12,149,0,0
628,564,Carapagos,14,4,54,78,103,53,45,22,3,5,30,120,34
629,565,Mégapagos,14,4,74,108,133,83,65,32,3,5,30,120,34
630,566,Arkéapti,14,18,55,112,45,74,45,70,1,5,133,0,0
631,567,Aéroptéryx,14,18,75,140,65,112,65,110,1,5,133,0,0
632,568,Miamiasme,12,0,50,50,62,40,62,65,12,0,35,60,81
633,569,Miasmax,12,0,80,95,82,60,82,75,12,0,60,126,81
634,570,Zorua,17,0,40,65,40,80,40,65,14,0,141,0,0
635,571,Zoroark,17,0,60,105,60,120,60,105,14,0,141,0,0
636,572,Chinchidou,10,0,55,50,40,40,40,75,14,0,41,121,106
637,573,Pashmilla,10,0,75,95,60,65,60,115,14,0,41,121,106
638,574,Scrutella,13,0,45,30,50,55,65,45,8,0,93,172,45
639,575,Mesmérella,13,0,60,45,70,75,85,55,8,0,93,172,45
640,576,Sidérella,13,0,70,55,95,95,110,65,8,0,93,172,45
641,577,Nucléos,13,0,45,30,40,105,50,20,2,0,95,134,157
642,578,Méios,13,0,65,40,50,125,60,30,2,0,95,134,157
643,579,Symbios,13,0,110,65,75,125,85,30,2,0,95,134,157
644,580,Couaneton,4,18,62,44,50,44,50,55,1,3,62,128,97
645,581,Lakmécygne,4,18,75,87,63,87,63,98,1,3,62,128,97
646,582,Sorbébé,8,0,36,50,50,65,60,44,12,0,86,0,126
647,583,Sorboul,8,0,51,65,65,80,75,59,12,0,86,0,126
648,584,Sorbouboul,8,0,71,95,85,110,95,79,12,0,86,0,126
649,585,Vivaldaim,11,10,60,60,50,40,50,75,14,0,13,140,65
650,586,Haydaim,11,10,80,100,70,60,70,95,14,0,13,140,65
651,587,Emolga,5,18,55,75,60,75,60,103,14,0,66,0,105
652,588,Carabing,9,0,50,75,45,40,45,60,10,0,29,51,79
653,589,Lançargot,9,1,70,135,105,60,105,20,10,0,16,29,134
654,590,Trompignon,11,12,69,55,45,55,55,15,15,0,58,0,157
655,591,Gaulet,11,12,114,85,70,85,80,30,15,0,58,0,157
656,592,Viskuse,4,16,55,40,50,65,85,40,2,0,2,132,50
657,593,Moyade,4,16,100,60,70,85,105,60,2,0,2,132,50
658,594,Mamanbo,4,0,165,75,80,40,45,65,3,4,97,130,157
659,595,Statitik,9,5,50,47,50,57,50,65,10,0,52,160,29
660,596,Mygavolt,9,5,70,77,60,97,60,108,10,0,52,160,29
661,597,Grindur,11,1,44,50,91,24,86,10,12,15,135,0,0
662,598,Noacier,11,1,74,94,131,54,116,20,12,15,135,0,80
663,599,Tic,1,0,40,55,70,45,60,30,12,0,49,56,18
664,600,Clic,1,0,60,80,95,70,85,50,12,0,49,56,18
665,601,Cliticlic,1,0,60,100,115,70,85,90,12,0,49,56,18
666,602,Anchwatt,5,0,35,55,40,45,40,60,2,0,42,0,0
667,603,Lampéroie,5,0,65,85,70,75,70,40,2,0,42,0,0
668,604,Ohmassacre,5,0,85,115,80,105,80,50,2,0,42,0,0
669,605,Lewsor,13,0,55,55,55,85,55,30,8,0,68,159,125
670,606,Neitram,13,0,75,75,75,125,95,40,8,0,68,159,125
671,607,Funécire,7,16,50,30,55,65,55,20,2,0,17,71,144
672,608,Mélancolux,7,16,60,40,60,95,60,55,2,0,17,71,144
673,609,Lugulabre,7,16,60,55,90,145,90,80,2,0,17,71,144
674,610,Coupenotte,3,0,46,87,60,30,40,57,6,13,82,116,160
675,611,Incisache,3,0,66,117,70,40,50,67,6,13,82,116,160
676,612,Tranchodon,3,0,76,147,90,60,70,97,6,13,82,116,160
677,613,Polarhume,8,0,55,70,40,60,40,40,14,0,115,0,152
678,614,Polagriffe,8,0,95,110,80,70,80,50,14,0,115,0,34
679,615,Hexagel,8,0,70,50,30,95,135,105,12,0,42,0,0
680,616,Escargaume,9,0,50,40,85,40,65,25,10,0,16,97,134
681,617,Limaspeed,9,0,80,70,40,100,60,145,10,0,35,97,88
682,618,Limonde,5,15,109,66,84,81,99,32,2,3,24,66,0
683,619,Kungfouine,2,0,45,85,50,55,50,65,8,14,9,157,123
684,620,Shaofouine,2,0,65,125,60,95,60,105,8,14,9,157,123
685,621,Drakkarmin,3,0,77,120,90,60,90,48,6,13,54,158,82
686,622,Gringolem,15,16,59,74,50,35,50,35,12,0,103,112,79
687,623,Golemastoc,15,16,89,124,80,55,80,55,12,0,103,112,79
688,624,Scalpion,1,17,45,85,70,40,40,60,8,0,9,124,59
689,625,Scalproie,1,17,65,125,100,60,70,70,8,0,9,124,59
690,626,Frison,10,0,95,110,95,40,95,55,14,0,123,140,6
691,627,Furaiglon,10,18,70,83,50,37,50,60,1,0,62,158,4
692,628,Gueriaigle,10,18,100,123,75,57,75,80,1,0,62,158,124
693,629,Vostourno,17,18,70,55,75,45,65,60,1,0,128,134,126
694,630,Vaututrice,17,18,110,65,105,55,95,80,1,0,128,134,126
695,631,Aflamanoir,7,0,85,97,66,105,66,65,14,0,71,95,25
696,632,Fermite,9,1,58,109,112,48,48,109,10,0,4,29,1
697,633,Solochi,17,3,52,65,50,45,50,38,6,0,4,0,0
698,634,Diamat,17,3,72,85,70,65,70,58,6,0,4,0,0
699,635,Trioxhydre,17,3,92,105,90,125,90,98,6,0,42,0,0
700,636,Pyronille,7,9,55,85,55,50,55,60,10,0,17,0,29
701,637,Pyrax,7,9,85,60,65,135,105,100,10,0,17,0,29
702,638,Cobaltium,1,2,91,90,129,90,72,108,9,0,129,0,0
703,639,Terrakium,14,2,91,129,90,72,90,108,9,0,129,0,0
704,640,Viridium,11,2,91,90,72,90,129,108,9,0,129,0,0
705,641,Boréas (Forme Avatar),18,0,79,115,70,125,80,111,9,0,136,0,124
706,641,Boréas (Forme Totémique),18,0,79,100,80,110,90,121,9,0,157,0,0
707,642,Fulguris (Forme Avatar),5,18,79,115,70,125,80,111,9,0,136,0,124
708,642,Fulguris (Forme Totémique),5,18,79,105,70,145,80,101,9,0,3,0,0
709,643,Reshiram,3,7,100,120,100,150,120,90,9,0,163,0,0
710,644,Zekrom,3,5,100,150,120,120,100,90,9,0,161,0,0
711,645,Démétéros (Forme Avatar),15,18,89,125,90,115,80,101,9,0,137,0,158
712,645,Démétéros (Forme Totémique),15,18,89,145,90,105,80,91,9,0,39,0,0
713,646,Kyurem,3,8,125,130,90,130,90,95,9,0,59,0,0
714,646,Kyurem Noir,3,8,125,170,100,120,90,95,9,0,161,0,0
715,646,Kyurem Blanc,3,8,125,120,90,170,100,95,9,0,163,0,0
716,647,Keldeo,4,2,91,72,90,129,90,108,9,0,129,0,0
717,648,Meloetta (Forme Voix),10,13,100,77,77,128,128,90,9,0,65,0,0
718,648,Meloetta (Forme Danse) ,10,2,100,128,90,77,77,128,9,0,65,0,0
719,649,Genesect,9,1,71,120,95,120,95,99,9,0,122,0,0
720,650,Marisson,11,0,56,61,65,48,45,38,14,0,27,0,180
721,651,Boguérisse,11,0,61,78,95,56,58,57,14,0,27,0,180
722,652,Blindépique,11,2,88,107,122,74,75,64,14,0,27,0,180
723,653,Feunnec,7,0,40,45,40,62,60,60,14,0,11,0,177
724,654,Roussil,7,0,59,59,58,90,70,73,14,0,11,0,177
725,655,Goupelin,7,13,75,69,72,114,100,104,14,0,11,0,177
726,656,Grenousse,4,0,41,56,40,62,44,71,3,0,72,0,186
727,657,Croâporal,4,0,54,63,52,83,56,97,3,0,72,0,186
728,658,Amphinobi,4,17,72,95,67,103,71,122,3,0,72,0,186
729,658,Amphinobi (Sachanobi),4,17,72,145,67,153,71,132,9,0,0,0,0
730,659,Sapereau,10,0,38,36,38,32,36,57,14,0,61,171,15
731,660,Excavarenne,10,15,85,56,77,50,77,78,14,0,61,171,15
732,661,Passerouge,10,18,45,50,43,40,38,62,1,0,128,0,165
733,662,Braisillon,7,18,62,73,55,56,52,84,1,0,17,0,165
734,663,Flambusard,7,18,78,81,71,74,69,126,1,0,17,0,165
735,664,Lépidonille,9,0,38,35,40,27,25,35,10,0,26,52,138
736,665,Pérégrain,9,0,45,22,60,37,30,29,10,0,,0,138
737,666,Prismillon,9,18,80,52,50,90,50,89,10,0,26,52,138
738,667,Hélionceau,7,10,62,50,58,73,54,72,14,0,116,160,143
739,668,Némélios,7,10,86,68,72,109,66,106,14,0,116,160,143
740,669,Flabébé,6,0,44,38,39,61,79,42,7,0,174,0,188
741,670,Floette,6,0,58,54,52,90,116,63,7,0,174,0,188
742,671,Florges,6,0,78,65,68,112,154,75,7,0,174,0,188
743,672,Cabriolaine,11,0,66,65,48,62,57,52,14,0,140,0,191
744,673,Chevroum,11,0,123,100,62,97,81,68,14,0,140,0,191
745,674,Pandespiègle,2,0,67,82,62,46,48,43,8,14,82,112,114
746,675,Pandarbare,2,17,95,124,78,69,71,58,8,14,82,112,114
747,676,Couafarel,10,0,75,80,60,65,90,102,14,0,190,0,0
748,677,Psystigri,13,0,60,22,62,72,72,95,14,0,62,144,69
749,678,MistigrixM,13,0,74,48,76,83,81,104,14,0,62,144,136
750,678,MistigrixF,13,0,74,48,76,83,81,104,14,0,62,144,172
751,679,Monorpale,1,16,45,80,100,35,37,28,12,0,79,0,0
752,680,Dimoclès,1,16,59,110,150,45,49,35,12,0,79,0,0
753,681,Exagide (Forme Assaut) ,1,16,60,150,50,150,50,60,12,0,173,0,0
754,681,Exagide (Forme Parade) ,1,16,60,50,150,50,150,60,12,0,173,0,0
755,682,Fluvetin,6,0,78,52,60,63,65,23,7,0,130,0,167
756,683,Cocotine,6,0,100,65,75,95,90,30,7,0,130,0,167
757,684,Sucroquin,6,0,62,48,66,59,57,49,7,0,175,0,88
758,685,Cupcanaille,6,0,82,80,86,85,75,72,7,0,175,0,88
759,686,Sepiatop,17,13,53,54,53,37,46,45,3,4,75,131,144
760,687,Sepiatroce,17,13,86,92,88,68,73,75,3,4,75,131,144
761,688,Opermine,14,4,50,95,95,30,80,60,3,5,118,176,153
762,689,Golgopathe,14,4,70,115,115,50,100,80,3,5,118,176,153
763,690,Venalgue,12,4,50,60,60,60,60,30,3,6,57,162,77
764,691,Kravarech,12,3,65,75,90,97,123,44,3,6,57,162,77
765,692,Flingouste,4,0,50,53,62,58,63,44,3,5,178,0,0
766,693,Gamblast,4,0,71,73,88,120,89,59,3,5,178,0,0
767,694,Galvaran,5,10,44,38,33,61,43,70,6,13,109,0,92
768,695,Iguolta,5,10,62,55,52,109,94,109,6,13,109,0,92
769,696,Ptyranidur,14,3,58,89,77,45,45,48,6,13,185,0,30
770,697,Rexillius,14,3,82,121,119,69,59,71,6,13,185,0,70
771,698,Amagara,14,8,77,59,50,67,63,46,13,0,183,0,78
772,699,Dragmara,14,8,123,77,72,99,92,58,13,0,183,0,78
773,700,Nymphali,6,0,95,65,65,110,130,60,14,0,41,0,182
774,701,Brutalibré,2,18,78,92,75,74,63,118,8,0,24,88,82
775,702,Dedenne,5,6,67,58,57,81,67,101,7,0,62,171,56
776,703,Strassie,14,6,50,50,150,50,150,50,7,12,18,0,30
777,704,Mucuscule,3,0,40,50,30,70,100,45,6,0,97,140,184
778,705,Colimucus,3,0,50,70,50,90,120,65,6,0,97,140,184
779,706,Muplodocus,3,0,90,100,70,110,150,80,6,0,97,140,184
780,707,Trousselin,1,6,57,80,91,80,87,75,12,0,136,0,177
781,708,Brocélôme,11,16,43,70,48,50,60,38,2,15,47,93,156
782,709,Desséliande,11,16,85,110,76,65,82,56,2,15,47,93,156
783,710,Pitrouille (Taille Mini) ,11,16,44,66,70,44,55,56,2,0,61,93,38
784,710,Pitrouille (Taille Normale) ,11,16,49,66,70,44,55,51,2,0,61,93,38
785,710,Pitrouille (Taille Maxi) ,11,16,54,66,70,44,55,46,2,0,61,93,38
786,710,Pitrouille (Taille Ultra) ,11,16,59,66,70,44,55,41,2,0,61,93,38
787,711,Banshitrouye (Taille Mini) ,11,16,55,85,122,58,75,99,2,0,61,93,38
788,711,Banshitrouye (Taille Normale) ,11,16,65,90,122,58,75,84,2,0,61,93,38
789,711,Banshitrouye (Taille Maxi) ,11,16,75,95,122,58,75,69,2,0,61,93,38
790,711,Banshitrouye (Taille Ultra) ,11,16,85,100,122,58,75,54,2,0,61,93,38
791,712,Grelaçon,8,0,55,69,85,32,35,28,13,0,69,86,30
792,713,Séracrawl,8,0,95,117,184,44,46,28,13,0,69,86,30
793,714,Sonistrelle,3,18,70,60,60,82,60,97,1,0,93,144,159
794,715,Bruyverne,3,18,85,70,80,97,80,123,1,0,93,144,159
795,716,Xerneas,6,0,126,131,95,131,98,99,9,0,168,0,0
796,717,Yveltal,17,18,126,131,95,131,98,99,9,0,170,0,0
797,718,Zygarde,3,15,108,100,121,81,95,95,9,0,169,0,0
798,719,Diancie,14,6,50,100,150,100,150,50,9,0,18,0,0
799,719,Méga-Diancie,14,6,50,160,110,160,110,110,9,0,147,0,0
800,720,Hoopa (Forme Enchaînée) ,13,16,80,110,60,150,130,70,9,0,177,0,0
801,720,Hoopa (Forme Déchaînée) ,13,17,80,160,60,170,130,80,9,0,177,0,0
802,721,Volcanion,7,4,80,110,120,130,90,70,9,0,2,0,0
